-- phpMyAdmin SQL Dump
-- version 4.6.5.2
-- https://www.phpmyadmin.net/
--
-- Φιλοξενητής: 127.0.0.1
-- Χρόνος δημιουργίας: 20 Ιουν 2020 στις 16:09:53
-- Έκδοση διακομιστή: 10.1.21-MariaDB
-- Έκδοση PHP: 5.6.30

SET SQL_MODE = "NO_AUTO_VALUE_ON_ZERO";
SET time_zone = "+00:00";


/*!40101 SET @OLD_CHARACTER_SET_CLIENT=@@CHARACTER_SET_CLIENT */;
/*!40101 SET @OLD_CHARACTER_SET_RESULTS=@@CHARACTER_SET_RESULTS */;
/*!40101 SET @OLD_COLLATION_CONNECTION=@@COLLATION_CONNECTION */;
/*!40101 SET NAMES utf8mb4 */;

--
-- Βάση δεδομένων: `garbage_managment`
--

-- --------------------------------------------------------

--
-- Δομή πίνακα για τον πίνακα `bin`
--

CREATE TABLE `bin` (
  `id_bin` int(11) NOT NULL,
  `lat` decimal(10,8) NOT NULL,
  `lng` decimal(11,8) NOT NULL,
  `description` varchar(1000) NOT NULL,
  `status` int(11) NOT NULL,
  `alert` int(11) NOT NULL,
  `washDate` date NOT NULL
) ENGINE=InnoDB DEFAULT CHARSET=utf8;

--
-- Άδειασμα δεδομένων του πίνακα `bin`
--

INSERT INTO `bin` (`id_bin`, `lat`, `lng`, `description`, `status`, `alert`, `washDate`) VALUES
(1, '40.30261704', '21.78822701', 'Παυλου Μελλα 21', 1, 99, '2018-08-15'),
(2, '41.21310000', '32.12313120', 'Σπαρτης 123', 1, 50, '2018-10-03'),
(3, '0.00000000', '21.78405620', 'Αλεξιου καραλιβανου 12', 1, 99, '2018-06-12'),
(4, '40.30348100', '21.78482400', 'Δημοκρατιας 15', 1, 99, '2018-05-23'),
(7, '40.30088000', '21.79372700', 'Θερμοπυλων 21', 1, 99, '2018-05-24'),
(8, '40.29965900', '21.78795500', 'Ιωαννη Τραντα 14', 1, 99, '2018-10-06'),
(9, '40.29701500', '21.79162400', 'Γκερτσου Κωνσταντινου 23', 1, 99, '2018-08-14'),
(10, '40.29456600', '21.78443600', 'Ανδρεα Παπανδρεου 3', 1, 99, '2018-07-18'),
(11, '40.29208500', '21.78475800', 'Αιανης 12', 1, 99, '2018-07-04'),
(12, '0.00000000', '0.00000000', '122', 0, 99, '2020-00-00'),
(13, '0.00000000', '0.00000000', '122', 0, 99, '2020-00-00'),
(14, '4.23141000', '20.32131400', 'Ιωαννη Τραντα 43', 1, 99, '2020-00-00'),
(15, '40.30008922', '21.78405620', '122', 1, 99, '2020-00-00'),
(16, '47.06548900', '46.36987450', 'klevest', 1, 99, '2020-00-00'),
(55, '45.30261704', '43.43217453', 'klevest', 1, 99, '2018-05-06'),
(56, '50.00000000', '50.00000000', 'cds', 1, 10, '2020-00-00'),
(57, '50.00000000', '50.00000000', 'dfs', 1, 12, '2020-00-00');

-- --------------------------------------------------------

--
-- Δομή πίνακα για τον πίνακα `logfiles`
--

CREATE TABLE `logfiles` (
  `id` int(11) NOT NULL,
  `ip` varchar(255) NOT NULL,
  `userid` int(11) NOT NULL,
  `timestamp` timestamp NOT NULL DEFAULT CURRENT_TIMESTAMP,
  `action` varchar(255) NOT NULL
) ENGINE=InnoDB DEFAULT CHARSET=utf8mb4;

--
-- Άδειασμα δεδομένων του πίνακα `logfiles`
--

INSERT INTO `logfiles` (`id`, `ip`, `userid`, `timestamp`, `action`) VALUES
(105, '::1', 5, '2018-12-13 13:33:32', '101'),
(106, '::1', 5, '2018-12-13 14:10:47', '105'),
(107, '::1', 5, '2018-12-13 14:10:51', '101'),
(108, '::1', 5, '2018-12-13 15:03:36', '105'),
(109, '::1', 5, '2018-12-13 15:03:43', '101'),
(110, '::1', 5, '2018-12-13 15:24:45', '105'),
(111, '::1', 5, '2018-12-13 15:24:55', '101'),
(112, '::1', 5, '2018-12-14 04:10:15', '105'),
(113, '::1', 5, '2018-12-14 04:10:22', '101'),
(114, '::1', 5, '2018-12-14 04:53:14', '105'),
(115, '::1', 5, '2018-12-14 05:09:30', '101'),
(116, '::1', 5, '2018-12-14 05:23:07', '105'),
(117, '::1', 5, '2018-12-14 05:23:11', '101'),
(118, '::1', 5, '2018-12-14 05:25:59', '105'),
(119, '::1', 5, '2018-12-14 05:26:03', '101'),
(120, '::1', 5, '2018-12-14 05:45:30', '111'),
(121, '::1', 5, '2018-12-14 05:45:37', '110'),
(122, '::1', 5, '2018-12-14 05:45:56', '110'),
(123, '::1', 5, '2018-12-14 05:46:03', '111'),
(124, '::1', 5, '2018-12-14 05:46:10', '111'),
(125, '::1', 5, '2018-12-14 05:46:14', '111'),
(126, '::1', 5, '2018-12-14 05:51:55', '105'),
(127, '::1', 5, '2018-12-14 06:39:07', '101'),
(130, '::1', 5, '2018-12-16 15:17:17', '105'),
(131, '::1', 29, '2018-12-16 16:12:22', '101'),
(132, '::1', 29, '2018-12-16 16:12:32', '105'),
(133, '::1', 0, '2018-12-16 16:12:45', '102'),
(134, '::1', 0, '2018-12-16 16:13:08', '102'),
(135, '::1', 0, '2018-12-16 16:13:20', '102'),
(136, '::1', 5, '2018-12-16 16:14:25', '101'),
(137, '::1', 5, '2018-12-16 20:42:57', '105'),
(138, '::1', 7, '2018-12-16 20:43:04', '101'),
(139, '::1', 7, '2018-12-16 20:43:10', '105'),
(140, '::1', 29, '2018-12-16 20:43:20', '101'),
(141, '::1', 29, '2018-12-16 20:44:17', '105'),
(142, '::1', 0, '2018-12-16 20:50:44', '102'),
(143, '::1', 0, '2018-12-16 20:50:50', '102'),
(144, '::1', 0, '2018-12-16 20:50:59', '102'),
(145, '::1', 5, '2018-12-16 20:51:13', '101'),
(146, '::1', 5, '2018-12-17 21:23:12', '105'),
(147, '::1', 0, '2018-12-17 21:23:20', '102'),
(148, '::1', 5, '2018-12-17 21:23:29', '101'),
(149, '::1', 5, '2018-12-18 10:46:55', '105'),
(150, '::1', 0, '2018-12-30 23:53:13', '102'),
(151, '::1', 0, '2018-12-30 23:53:18', '102'),
(152, '::1', 0, '2018-12-30 23:55:43', '102'),
(153, '::1', 0, '2018-12-30 23:55:54', '102'),
(154, '::1', 0, '2018-12-30 23:56:05', '102'),
(155, '::1', 5, '2018-12-30 23:56:15', '101'),
(156, '::1', 5, '2018-12-30 23:57:56', '111'),
(157, '::1', 5, '2018-12-30 23:58:01', '111'),
(158, '::1', 5, '2018-12-30 23:58:05', '111'),
(159, '::1', 5, '2018-12-31 00:10:41', '105'),
(160, '::1', 0, '2018-12-31 00:10:57', '102'),
(161, '::1', 5, '2018-12-31 00:11:24', '101'),
(162, '::1', 5, '2018-12-31 00:11:59', '105'),
(163, '::1', 0, '2018-12-31 00:12:05', '102'),
(164, '::1', 5, '2018-12-31 00:12:12', '101'),
(165, '::1', 5, '2018-12-31 00:12:35', '105'),
(166, '::1', 5, '2018-12-31 00:13:34', '101'),
(167, '::1', 5, '2018-12-31 00:19:45', '101'),
(168, '::1', 5, '2018-12-31 21:23:52', '105'),
(169, '::1', 5, '2018-12-31 21:35:18', '101'),
(170, '::1', 5, '2018-12-31 21:36:22', '105'),
(171, '::1', 5, '2018-12-31 21:36:28', '101'),
(172, '::1', 5, '2018-12-31 21:39:07', '111'),
(173, '::1', 5, '2018-12-31 21:39:10', '110'),
(174, '::1', 5, '2018-12-31 21:40:47', '105'),
(175, '::1', 5, '2019-01-07 19:18:30', '101'),
(176, '::1', 5, '2019-01-10 22:10:40', '101'),
(177, '::1', 5, '2019-01-10 22:26:44', '105'),
(178, '::1', 5, '2019-01-10 22:43:38', '101'),
(179, '::1', 5, '2019-01-10 22:46:06', '105'),
(180, '::1', 5, '2019-01-10 22:51:44', '101'),
(181, '::1', 5, '2019-01-11 10:34:50', '105'),
(182, '::1', 5, '2019-01-11 12:07:17', '101'),
(183, '::1', 5, '2019-01-11 12:22:03', '105'),
(184, '::1', 7, '2019-01-11 12:23:23', '101'),
(185, '::1', 7, '2019-01-11 12:23:37', '105'),
(186, '::1', 5, '2019-01-11 12:31:28', '102'),
(187, '::1', 7, '2019-01-11 12:34:18', '102'),
(188, '::1', 7, '2019-01-11 12:34:44', '102'),
(189, '::1', 7, '2019-01-11 12:35:10', '102'),
(190, '::1', 5, '2019-01-11 13:27:56', '101'),
(191, '::1', 5, '2019-01-11 13:28:05', '109'),
(192, '::1', 5, '2019-01-11 13:28:41', '109'),
(193, '::1', 5, '2019-01-11 13:28:56', '111'),
(194, '::1', 5, '2019-01-11 13:28:58', '111'),
(195, '::1', 5, '2019-01-11 13:31:17', '109'),
(196, '::1', 5, '2019-01-11 13:31:44', '109'),
(197, '::1', 5, '2019-01-11 13:31:52', '108'),
(198, '::1', 5, '2019-01-11 13:32:04', '108'),
(199, '::1', 5, '2019-01-11 14:07:03', '105'),
(200, '::1', 5, '2019-01-11 14:07:17', '101'),
(201, '::1', 5, '2019-01-11 14:08:27', '105'),
(202, '::1', 5, '2019-01-11 14:08:41', '101'),
(203, '::1', 5, '2019-01-11 14:13:59', '105'),
(204, '::1', 5, '2019-01-11 14:15:17', '101'),
(205, '::1', 5, '2019-01-11 14:16:27', '111'),
(206, '::1', 5, '2019-01-11 14:16:31', '111'),
(207, '::1', 5, '2019-01-11 14:16:35', '110'),
(208, '::1', 5, '2019-01-11 14:16:50', '110'),
(209, '::1', 5, '2019-01-11 14:18:11', '105'),
(210, '::1', 5, '2019-01-11 14:26:51', '101'),
(211, '::1', 5, '2019-01-11 14:27:39', '105'),
(212, '::1', 5, '2019-01-11 17:22:33', '101'),
(213, '::1', 5, '2019-01-11 17:27:42', '109'),
(214, '::1', 5, '2019-01-11 18:06:10', '105'),
(215, '::1', 5, '2019-01-11 18:18:29', '101'),
(216, '::1', 5, '2019-01-11 18:19:14', '105'),
(217, '::1', 5, '2019-01-11 18:19:55', '101'),
(218, '::1', 5, '2019-01-11 18:20:16', '105'),
(219, '::1', 5, '2019-01-11 18:22:10', '101'),
(220, '::1', 5, '2019-01-11 18:23:13', '105'),
(221, '::1', 5, '2019-01-11 18:24:13', '101'),
(222, '::1', 5, '2019-01-11 18:24:59', '105'),
(223, '::1', 5, '2019-01-11 18:27:02', '101'),
(224, '::1', 5, '2019-01-11 18:27:32', '120'),
(225, '::1', 5, '2019-01-11 18:27:38', '121'),
(226, '::1', 5, '2019-01-11 18:29:06', '105'),
(227, '::1', 5, '2019-01-11 18:32:52', '101'),
(228, '::1', 5, '2019-01-11 18:41:46', '110'),
(229, '::1', 5, '2019-01-11 18:51:33', '105'),
(230, '::1', 5, '2019-01-11 19:04:02', '102'),
(231, '::1', 5, '2019-01-11 19:04:08', '101'),
(232, '::1', 5, '2019-01-11 19:06:02', '105'),
(233, '::1', 5, '2019-01-11 19:28:40', '101'),
(234, '::1', 5, '2019-01-11 19:29:13', '105'),
(235, '::1', 0, '2019-01-11 19:36:27', '102'),
(236, '::1', 5, '2019-01-11 19:36:56', '101'),
(237, '::1', 5, '2019-01-11 19:37:29', '105'),
(238, '::1', 5, '2019-01-11 20:01:08', '101'),
(239, '::1', 5, '2019-01-11 20:01:24', '105'),
(240, '::1', 5, '2019-01-11 20:06:53', '102'),
(241, '::1', 5, '2019-01-11 20:06:58', '101'),
(242, '::1', 5, '2019-01-11 20:07:02', '105'),
(243, '::1', 5, '2019-01-11 20:07:39', '102'),
(244, '::1', 5, '2019-01-11 20:07:45', '101'),
(245, '::1', 5, '2019-01-11 20:07:50', '105'),
(246, '::1', 5, '2019-01-11 20:16:21', '101'),
(247, '::1', 5, '2019-01-11 20:16:25', '105'),
(248, '::1', 5, '2019-01-11 20:16:42', '102'),
(249, '::1', 5, '2019-01-11 20:16:47', '101'),
(250, '::1', 5, '2019-01-11 20:17:04', '105'),
(251, '::1', 5, '2019-01-11 20:24:01', '101'),
(252, '::1', 5, '2019-01-11 20:25:15', '105'),
(253, '::1', 5, '2019-01-11 21:39:08', '101'),
(254, '::1', 5, '2019-01-11 21:45:55', '104'),
(255, '::1', 5, '2019-01-11 21:46:10', '103'),
(256, '::1', 5, '2019-01-11 21:46:35', '118'),
(257, '::1', 5, '2019-01-13 02:55:37', '105'),
(258, '::1', 5, '2019-01-13 03:24:08', '101'),
(259, '::1', 5, '2019-01-13 03:41:26', '112'),
(260, '::1', 5, '2019-01-13 03:56:46', '112'),
(261, '::1', 5, '2019-01-13 04:02:39', '118'),
(262, '::1', 5, '2019-01-13 04:11:28', '116'),
(263, '::1', 5, '2019-01-13 04:19:17', '118'),
(264, '::1', 5, '2019-01-13 04:19:29', '112'),
(265, '::1', 5, '2019-01-13 04:19:32', '112'),
(266, '::1', 5, '2019-01-13 04:28:51', '112'),
(267, '::1', 5, '2019-01-13 04:31:51', '114'),
(268, '::1', 5, '2019-01-13 07:31:41', '105'),
(269, '::1', 7, '2019-01-13 08:32:45', '102'),
(270, '::1', 7, '2019-01-13 08:32:51', '102'),
(271, '::1', 17, '2019-01-13 08:32:58', '102'),
(272, '::1', 7, '2019-01-13 08:34:39', '101'),
(273, '::1', 7, '2019-01-13 09:05:37', '105'),
(274, '::1', 5, '2019-01-13 09:17:49', '101'),
(275, '::1', 5, '2019-01-13 10:22:50', '101'),
(276, '::1', 5, '2019-01-13 11:06:10', '110'),
(277, '::1', 5, '2019-01-13 11:46:05', '105'),
(278, '::1', 5, '2019-01-13 11:46:12', '101'),
(279, '::1', 5, '2019-01-13 12:40:42', '105'),
(280, '::1', 5, '2019-01-13 12:40:49', '101'),
(281, '::1', 5, '2019-01-13 12:52:46', '120'),
(282, '::1', 5, '2019-01-13 12:54:18', '105'),
(283, '::1', 7, '2019-01-13 12:58:32', '101'),
(284, '::1', 7, '2019-01-13 13:01:54', '105'),
(285, '::1', 7, '2019-01-13 13:02:40', '102'),
(286, '::1', 7, '2019-01-13 13:02:46', '101'),
(287, '::1', 7, '2019-01-13 13:03:20', '105'),
(288, '::1', 7, '2019-01-13 13:09:53', '101'),
(289, '::1', 7, '2019-01-13 15:26:24', '105'),
(290, '::1', 7, '2019-01-13 15:26:31', '101'),
(291, '::1', 7, '2019-01-13 15:26:53', '105'),
(292, '::1', 5, '2019-01-13 15:26:59', '101'),
(293, '::1', 5, '2019-01-13 15:41:47', '105'),
(294, '::1', 7, '2019-01-13 15:41:53', '101'),
(295, '::1', 7, '2019-01-13 15:43:06', '105'),
(296, '::1', 5, '2019-01-13 15:43:12', '101'),
(297, '::1', 5, '2019-01-13 15:43:44', '105'),
(298, '::1', 5, '2019-01-13 15:45:18', '101'),
(299, '::1', 5, '2019-01-13 15:45:36', '105'),
(300, '::1', 5, '2019-01-13 15:45:41', '101'),
(301, '::1', 5, '2020-05-02 11:22:32', '101'),
(302, '::1', 5, '2020-05-03 20:56:32', '101'),
(303, '::1', 5, '2020-05-03 23:03:16', '101'),
(304, '::1', 5, '2020-05-03 23:04:18', '101'),
(305, '::1', 5, '2020-05-03 23:06:13', '101'),
(306, '::1', 5, '2020-05-04 11:32:53', '101'),
(307, '::1', 5, '2020-05-04 11:40:09', '101'),
(308, '::1', 5, '2020-05-04 11:55:39', '101'),
(309, '::1', 5, '2020-05-04 12:17:49', '101'),
(310, '::1', 5, '2020-05-04 14:02:16', '101'),
(311, '::1', 5, '2020-05-05 16:23:18', '101'),
(312, '::1', 5, '2020-05-08 13:25:14', '103'),
(313, '::1', 5, '2020-05-08 13:26:26', '103'),
(314, '::1', 5, '2020-05-08 13:53:21', '104'),
(315, '::1', 5, '2020-05-08 13:53:37', '103'),
(316, '::1', 5, '2020-05-08 14:00:17', '103'),
(317, '::1', 5, '2020-05-08 14:01:50', '103'),
(318, '::1', 5, '2020-05-08 14:01:55', '103'),
(319, '::1', 5, '2020-05-08 14:03:05', '103'),
(320, '::1', 5, '2020-05-08 14:08:26', '103'),
(321, '::1', 5, '2020-05-08 14:09:48', '103'),
(322, '::1', 5, '2020-05-08 14:10:05', '103'),
(323, '::1', 5, '2020-05-08 14:10:50', '103'),
(324, '::1', 5, '2020-05-08 14:13:51', '103'),
(325, '::1', 5, '2020-05-08 14:25:39', '103'),
(326, '::1', 5, '2020-05-08 14:27:44', '103'),
(327, '::1', 5, '2020-05-08 14:28:58', '103'),
(328, '::1', 5, '2020-05-08 15:01:01', '103'),
(329, '::1', 5, '2020-05-08 15:10:08', '103'),
(330, '::1', 5, '2020-05-08 15:14:36', '106'),
(331, '::1', 5, '2020-05-08 15:15:51', '107'),
(332, '::1', 5, '2020-05-08 15:16:45', '107'),
(333, '::1', 5, '2020-05-08 15:16:45', '107'),
(334, '::1', 5, '2020-05-08 15:17:13', '106'),
(335, '::1', 5, '2020-05-08 15:18:14', '106'),
(336, '::1', 5, '2020-05-08 15:18:32', '106'),
(337, '::1', 5, '2020-05-08 15:23:19', '103'),
(338, '::1', 5, '2020-05-08 15:25:05', '118'),
(339, '::1', 5, '2020-05-08 15:25:23', '119'),
(340, '::1', 5, '2020-05-08 15:26:13', '119'),
(341, '::1', 5, '2020-05-08 15:26:57', '118'),
(342, '::1', 5, '2020-05-08 15:33:26', '106'),
(343, '::1', 5, '2020-05-08 15:34:25', '117'),
(344, '::1', 5, '2020-05-08 15:35:01', '106'),
(345, '::1', 5, '2020-05-08 15:35:03', '117'),
(346, '::1', 5, '2020-05-08 15:35:47', '117'),
(347, '::1', 5, '2020-05-08 15:36:16', '117'),
(348, '::1', 5, '2020-05-08 15:40:09', '116'),
(349, '::1', 5, '2020-05-08 15:40:55', '116'),
(350, '::1', 5, '2020-05-08 16:47:30', '103'),
(351, '::1', 5, '2020-05-08 17:54:42', '101'),
(352, '::1', 5, '2020-05-08 17:55:05', '103'),
(353, '::1', 38, '2020-05-08 20:48:11', '102'),
(362, '::1', 5, '2020-05-08 20:29:41', '113'),
(363, '::1', 5, '2020-05-08 20:30:08', '112'),
(364, '::1', 5, '2020-05-08 20:35:34', '114'),
(382, '::1', 5, '2020-05-09 13:40:40', '105'),
(383, '::1', 0, '2020-05-09 13:40:58', '102'),
(384, '::1', 0, '2020-05-09 13:41:16', '102'),
(385, '::1', 38, '2020-05-09 13:41:35', '101'),
(386, '::1', 5, '2020-05-09 13:46:22', '101'),
(387, '::1', 38, '2020-05-09 13:58:59', '101'),
(388, '::1', 38, '2020-05-09 14:00:23', '101'),
(389, '::1', 5, '2020-05-09 14:17:21', '101'),
(390, '::1', 38, '2020-05-09 14:35:36', '101'),
(391, '::1', 38, '2020-05-09 14:39:27', '105'),
(392, '::1', 5, '2020-05-09 14:39:36', '101'),
(393, '::1', 5, '2020-05-09 14:39:51', '105'),
(394, '::1', 38, '2020-05-09 14:39:58', '101'),
(395, '::1', 38, '2020-05-09 14:39:58', '101'),
(396, '::1', 38, '2020-05-09 14:48:05', '105'),
(397, '::1', 5, '2020-05-09 14:48:14', '101'),
(398, '::1', 5, '2020-05-09 14:48:23', '105'),
(399, '::1', 38, '2020-05-09 14:48:30', '101'),
(400, '::1', 38, '2020-05-09 14:53:53', '105'),
(401, '::1', 5, '2020-05-09 14:54:01', '101'),
(402, '::1', 5, '2020-05-09 14:54:23', '105'),
(403, '::1', 38, '2020-05-09 14:54:40', '101'),
(404, '::1', 38, '2020-05-09 16:10:48', '105'),
(405, '::1', 5, '2020-05-09 16:10:53', '101'),
(406, '::1', 5, '2020-05-09 21:18:25', '101'),
(407, '::1', 5, '2020-05-10 22:16:17', '105'),
(408, '::1', 5, '2020-05-10 22:22:35', '101'),
(409, '::1', 5, '2020-05-10 22:23:45', '105'),
(410, '::1', 5, '2020-05-10 22:28:24', '101'),
(411, '::1', 5, '2020-05-10 22:28:52', '105'),
(412, '::1', 5, '2020-05-10 22:31:21', '101'),
(413, '::1', 5, '2020-05-10 22:31:25', '105'),
(414, '::1', 5, '2020-05-10 22:40:08', '101'),
(415, '::1', 5, '2020-05-10 22:40:11', '105'),
(416, '::1', 5, '2020-05-10 22:43:35', '101'),
(417, '::1', 5, '2020-05-10 22:43:40', '105'),
(418, '::1', 5, '2020-05-10 22:50:33', '101'),
(419, '::1', 5, '2020-05-10 23:40:51', '105'),
(420, '::1', 7, '2020-05-10 23:40:57', '101'),
(421, '::1', 7, '2020-05-11 00:35:25', '105'),
(422, '::1', 5, '2020-05-11 00:35:33', '101'),
(423, '::1', 5, '2020-05-11 00:35:34', '101'),
(424, '::1', 5, '2020-05-11 10:47:32', '105'),
(425, '::1', 5, '2020-05-11 11:35:56', '101'),
(426, '::1', 5, '2020-05-11 11:36:01', '105'),
(427, '::1', 7, '2020-05-11 11:36:09', '101'),
(428, '::1', 7, '2020-05-11 11:50:37', '105'),
(429, '::1', 5, '2020-05-11 11:50:44', '101'),
(430, '::1', 5, '2020-05-11 12:05:19', '111'),
(431, '::1', 5, '2020-05-11 12:07:09', '105'),
(432, '::1', 7, '2020-05-11 12:07:14', '101'),
(433, '::1', 7, '2020-05-11 12:19:32', '105'),
(434, '::1', 5, '2020-05-11 12:19:37', '101'),
(435, '::1', 5, '2020-05-11 13:00:59', '105'),
(436, '::1', 7, '2020-05-11 13:01:07', '101'),
(437, '::1', 7, '2020-05-11 13:01:29', '105'),
(438, '::1', 7, '2020-05-11 13:04:30', '101'),
(439, '::1', 7, '2020-05-11 13:13:14', '105'),
(440, '::1', 5, '2020-05-11 13:13:21', '101'),
(441, '::1', 5, '2020-05-11 14:04:16', '105'),
(442, '::1', 7, '2020-05-11 14:04:21', '101'),
(443, '::1', 7, '2020-05-11 14:09:20', '105'),
(444, '::1', 7, '2020-05-11 14:12:03', '101'),
(445, '::1', 7, '2020-05-11 14:12:50', '105'),
(446, '::1', 5, '2020-05-11 14:13:00', '101'),
(447, '::1', 5, '2020-05-11 14:16:48', '105'),
(448, '::1', 7, '2020-05-11 14:16:57', '101'),
(449, '::1', 5, '2020-05-14 13:24:40', '101'),
(450, '::1', 5, '2020-05-19 21:49:57', '101'),
(451, '::1', 5, '2020-05-19 22:09:55', '105'),
(452, '::1', 7, '2020-05-19 22:21:42', '101'),
(453, '::1', 7, '2020-05-19 22:26:32', '105'),
(454, '::1', 5, '2020-05-19 22:26:37', '101'),
(455, '::1', 5, '2020-06-08 17:37:44', '105'),
(456, '::1', 8, '2020-06-08 17:37:47', '101'),
(457, '::1', 8, '2020-06-08 17:37:58', '105'),
(458, '::1', 0, '2020-06-08 17:38:03', '102'),
(459, '::1', 5, '2020-06-08 17:38:13', '101'),
(460, '::1', 5, '2020-06-19 20:35:27', '101'),
(461, '::1', 5, '2020-06-19 20:35:49', '111'),
(462, '::1', 5, '2020-06-19 20:36:01', '111'),
(463, '::1', 5, '2020-06-19 20:36:07', '111'),
(464, '::1', 5, '2020-06-19 20:37:34', '111'),
(465, '::1', 5, '2020-06-19 20:37:40', '111'),
(466, '::1', 5, '2020-06-19 20:37:59', '111'),
(467, '::1', 5, '2020-06-19 20:40:56', '111'),
(468, '::1', 5, '2020-06-19 20:41:28', '111'),
(469, '::1', 5, '2020-06-19 20:42:15', '111'),
(470, '::1', 5, '2020-06-19 20:42:28', '110'),
(471, '::1', 5, '2020-06-19 20:42:39', '110'),
(472, '::1', 5, '2020-06-19 20:42:55', '110'),
(473, '::1', 5, '2020-06-19 20:43:02', '110'),
(474, '::1', 5, '2020-06-19 20:43:10', '111'),
(475, '::1', 5, '2020-06-19 20:47:10', '111'),
(476, '::1', 5, '2020-06-19 20:47:34', '110'),
(477, '::1', 5, '2020-06-19 20:48:17', '103'),
(478, '::1', 5, '2020-06-19 20:49:01', '108'),
(479, '::1', 5, '2020-06-19 22:43:40', '120'),
(480, '::1', 5, '2020-06-19 22:43:46', '105'),
(481, '::1', 5, '2020-06-19 22:44:23', '101'),
(482, '::1', 5, '2020-06-20 00:08:46', '103');

-- --------------------------------------------------------

--
-- Δομή πίνακα για τον πίνακα `mails`
--

CREATE TABLE `mails` (
  `name` varchar(30) NOT NULL,
  `email` varchar(200) DEFAULT NULL,
  `subject` tinytext,
  `message` text
) ENGINE=InnoDB DEFAULT CHARSET=latin1;

--
-- Άδειασμα δεδομένων του πίνακα `mails`
--

INSERT INTO `mails` (`name`, `email`, `subject`, `message`) VALUES
('ddd', 'dfg', 'ddfgdn', 'dfagshdnfd'),
('dsa', 'as', 'dasdsa', 'dsad');

-- --------------------------------------------------------

--
-- Δομή πίνακα για τον πίνακα `stats`
--

CREATE TABLE `stats` (
  `id` int(11) NOT NULL,
  `bin_id` int(11) NOT NULL,
  `bin_contend` int(30) DEFAULT NULL,
  `bins_humidity` int(30) DEFAULT NULL,
  `bins_temperature` int(30) DEFAULT NULL,
  `button` int(1) NOT NULL,
  `timestamp` datetime NOT NULL
) ENGINE=InnoDB DEFAULT CHARSET=latin1;

--
-- Άδειασμα δεδομένων του πίνακα `stats`
--

INSERT INTO `stats` (`id`, `bin_id`, `bin_contend`, `bins_humidity`, `bins_temperature`, `button`, `timestamp`) VALUES
(4, 1, 34, 20, 18, 0, '2018-04-18 10:00:00'),
(5, 1, 32, 90, 22, 1, '2018-04-18 09:00:00'),
(7, 1, 23, 4, 90, 0, '2018-04-18 11:00:00'),
(10, 1, 34, 92, 18, 0, '2018-04-19 10:00:00'),
(11, 1, 65, 80, 19, 0, '2018-04-19 09:00:00'),
(13, 1, 23, 84, 24, 0, '2018-04-19 11:00:00'),
(18, 1, 86, 90, 95, 1, '2018-04-17 09:00:00'),
(20, 1, 88, 12, 23, 1, '2018-03-22 09:00:00'),
(22, 3, 42, 2, 12, 0, '2018-04-19 13:00:00'),
(23, 10, 10, 55, 12, 0, '2018-11-22 00:00:00'),
(24, 10, 15, 55, 12, 1, '2020-11-21 09:00:00'),
(25, 3, 98, 5, 23, 0, '2018-11-21 11:29:06'),
(27, 7, 100, 43, 76, 1, '2020-05-20 00:00:00'),
(28, 10, 100, 32, 45, 0, '2019-01-11 14:00:00'),
(29, 14, 100, 65, 43, 1, '2018-06-24 17:00:00'),
(30, 1, 100, 100, 100, 1, '2018-09-11 23:17:00'),
(31, 3, 32, 11, 88, 1, '2018-02-13 06:00:00'),
(32, 3, 45, 12, 89, 0, '2017-10-17 00:00:00'),
(47, 3, 100, 90, 88, 1, '2019-01-07 07:30:00');

-- --------------------------------------------------------

--
-- Δομή πίνακα για τον πίνακα `users`
--

CREATE TABLE `users` (
  `id` int(200) NOT NULL,
  `name` char(30) NOT NULL,
  `age` int(10) DEFAULT NULL,
  `address` varchar(200) DEFAULT NULL,
  `username` varchar(200) DEFAULT NULL,
  `email` varchar(100) DEFAULT NULL,
  `password` varchar(200) DEFAULT NULL,
  `role` tinyint(4) NOT NULL,
  `status` tinyint(4) NOT NULL,
  `reset` varchar(12) NOT NULL,
  `rememberMe` varchar(32) DEFAULT NULL
) ENGINE=InnoDB DEFAULT CHARSET=utf8;

--
-- Άδειασμα δεδομένων του πίνακα `users`
--

INSERT INTO `users` (`id`, `name`, `age`, `address`, `username`, `email`, `password`, `role`, `status`, `reset`, `rememberMe`) VALUES
(5, 'Δημητρης Πανας', 25, 'βιτσι 21', 'dimpanas@', 'st0889@icte.uowm.gr', 'a665a45920422f9d417e4867efdc4fb8a04a1f3fff1fa07e998e86f7f7a27ae3', 0, 1, '', '398212dfb19de74fc26b44be8ef58279'),
(7, 'Δημητρης Ευθυμιαδης', 24, 'Ιωαννου Τιαλου 33', 'jimkos', 'st0788@icte.uowm.gr', 'a665a45920422f9d417e4867efdc4fb8a04a1f3fff1fa07e998e86f7f7a27ae3', 1, 1, '', NULL),
(8, 'Κλεβεστ Παλουτσαι', 22, 'Λαζαραδων 3', 'klevest', 'st0888@icte.uowm.gr', 'a665a45920422f9d417e4867efdc4fb8a04a1f3fff1fa07e998e86f7f7a27ae3', 1, 1, '', NULL),
(9, 'Μαρκος Πεγιος', 22, 'Φλωρινης 34', 'markos', 'st0555@icte.uowm.gr', 'a665a45920422f9d417e4867efdc4fb8a04a1f3fff1fa07e998e86f7f7a27ae3', 1, 1, '', 'NULL'),
(10, 'Μαρια Τσιαμη', 24, 'Χρηστου Πατση 6', 'maria', 'st0339@icte.uowm.gr', 'a665a45920422f9d417e4867efdc4fb8a04a1f3fff1fa07e998e86f7f7a27ae3', 0, 1, '', 'NULL'),
(12, 'Ολγα Χειμωνιδου', 39, 'Πιτσουλη 50β', 'oliaxeim', 'oliaxeim@hotmail.com', 'a665a45920422f9d417e4867efdc4fb8a04a1f3fff1fa07e998e86f7f7a27ae3', 0, 1, '', NULL),
(13, 'Αλεξανδρος Πανος', 24, 'Πιτσουλι 3', 'alexpan', 'alexpan@yahoo.com', 'a665a45920422f9d417e4867efdc4fb8a04a1f3fff1fa07e998e86f7f7a27ae3', 1, 1, '', NULL),
(14, 'Κωστας Πανας', 50, 'Παυλου Μελλα 2', 'kostas@', 'kostas@hotmail.com', 'a665a45920422f9d417e4867efdc4fb8a04a1f3fff1fa07e998e86f7f7a27ae3', 1, 1, '', NULL),
(15, 'Κατερινα Κοστογλου', 23, 'Γεωργιου 9', 'katerina', 'katerina@hotmail.com', 'a665a45920422f9d417e4867efdc4fb8a04a1f3fff1fa07e998e86f7f7a27ae3', 1, 0, '', NULL),
(16, 'Δημος Καραγιαννης', 23, 'Σελεμενακη 31', 'dimos', 'dimos@yahoo.com', 'a665a45920422f9d417e4867efdc4fb8a04a1f3fff1fa07e998e86f7f7a27ae3', 1, 1, '', NULL),
(17, 'Χρηστος Σελεμενακης', 26, 'Λεωφορος Νικης 13', 'selem', 'selem@hotmail.com', 'a665a45920422f9d417e4867efdc4fb8a04a1f3fff1fa07e998e86f7f7a27ae3', 1, 1, '', NULL),
(19, 'Βασιλης Γκουδινας', 28, 'Παυλου Μελλα 9', 'goudi3', 'goudisuper3@gmail.com', 'a665a45920422f9d417e4867efdc4fb8a04a1f3fff1fa07e998e86f7f7a27ae3', 0, 1, '', NULL),
(29, 'Dimitris Panas', 26, 'Βιτσι 21', 'dimitris@', 'dimpanas96@hotmail.com', 'a665a45920422f9d417e4867efdc4fb8a04a1f3fff1fa07e998e86f7f7a27ae3', 1, 1, '', NULL),
(30, 'Δημητρης Παναγος', 28, 'Παυλου Μελλα 2', 'dimitris@!!!', 'pas@gmail.com', 'a665a45920422f9d417e4867efdc4fb8a04a1f3fff1fa07e998e86f7f7a27ae3', 1, 1, '', NULL),
(31, 'Γιώργος Πετρούνιας', 25, 'Παυλου Μελλα 39', 'george10@', 'gg@gmail.com', 'a665a45920422f9d417e4867efdc4fb8a04a1f3fff1fa07e998e86f7f7a27ae3', 0, 1, '', NULL),
(32, 'Dimitris Panas', 32, '21', 'Dimitris', 'dimpanas96.com', 'a665a45920422f9d417e4867efdc4fb8a04a1f3fff1fa07e998e86f7f7a27ae3', 0, 1, '', NULL),
(38, 'klevest', 23, 'myaddress', 'klevestttt', 'klevest@hotmail.com', '7a5df5ffa0dec2228d90b8d0a0f1b0767b748b0a41314c123075b8289e4e053f', 1, 1, '', NULL);

--
-- Ευρετήρια για άχρηστους πίνακες
--

--
-- Ευρετήρια για πίνακα `bin`
--
ALTER TABLE `bin`
  ADD PRIMARY KEY (`id_bin`);

--
-- Ευρετήρια για πίνακα `logfiles`
--
ALTER TABLE `logfiles`
  ADD PRIMARY KEY (`id`);

--
-- Ευρετήρια για πίνακα `mails`
--
ALTER TABLE `mails`
  ADD PRIMARY KEY (`name`);

--
-- Ευρετήρια για πίνακα `stats`
--
ALTER TABLE `stats`
  ADD PRIMARY KEY (`id`),
  ADD KEY `bin_id` (`bin_id`);

--
-- Ευρετήρια για πίνακα `users`
--
ALTER TABLE `users`
  ADD PRIMARY KEY (`id`),
  ADD UNIQUE KEY `username` (`username`),
  ADD UNIQUE KEY `email` (`email`);

--
-- AUTO_INCREMENT για άχρηστους πίνακες
--

--
-- AUTO_INCREMENT για πίνακα `bin`
--
ALTER TABLE `bin`
  MODIFY `id_bin` int(11) NOT NULL AUTO_INCREMENT, AUTO_INCREMENT=58;
--
-- AUTO_INCREMENT για πίνακα `logfiles`
--
ALTER TABLE `logfiles`
  MODIFY `id` int(11) NOT NULL AUTO_INCREMENT, AUTO_INCREMENT=483;
--
-- AUTO_INCREMENT για πίνακα `stats`
--
ALTER TABLE `stats`
  MODIFY `id` int(11) NOT NULL AUTO_INCREMENT, AUTO_INCREMENT=48;
--
-- AUTO_INCREMENT για πίνακα `users`
--
ALTER TABLE `users`
  MODIFY `id` int(200) NOT NULL AUTO_INCREMENT, AUTO_INCREMENT=39;
--
-- Περιορισμοί για άχρηστους πίνακες
--

--
-- Περιορισμοί για πίνακα `stats`
--
ALTER TABLE `stats`
  ADD CONSTRAINT `stats_ibfk_1` FOREIGN KEY (`bin_id`) REFERENCES `bin` (`id_bin`);

/*!40101 SET CHARACTER_SET_CLIENT=@OLD_CHARACTER_SET_CLIENT */;
/*!40101 SET CHARACTER_SET_RESULTS=@OLD_CHARACTER_SET_RESULTS */;
/*!40101 SET COLLATION_CONNECTION=@OLD_COLLATION_CONNECTION */;
